-- Phase 2-1: Seed Data for Development and Testing
-- Run this AFTER 01_initial_schema.sql and 02_rls_policies.sql
-- WARNING: This is for development only. Do NOT run in production.

-- ============================================================
-- ACCOUNTS
-- ============================================================

INSERT INTO accounts (account_id, account_name, google_account_id, description, is_active)
VALUES
  ('a1000000-0000-0000-0000-000000000001', 'テスト株式会社_A', '111-222-3333', 'テスト用アカウントA（ECサイト）', true),
  ('a1000000-0000-0000-0000-000000000002', 'テスト株式会社_B', '444-555-6666', 'テスト用アカウントB（サービス業）', true),
  ('a1000000-0000-0000-0000-000000000003', 'テスト株式会社_C', '777-888-9999', 'テスト用アカウントC（不動産）', false)
ON CONFLICT (account_id) DO NOTHING;

-- ============================================================
-- CAMPAIGNS
-- ============================================================

INSERT INTO campaigns (campaign_id, account_id, campaign_name, google_campaign_id, campaign_type, status)
VALUES
  ('c2000000-0000-0000-0000-000000000001', 'a1000000-0000-0000-0000-000000000001', 'キャンペーン_A', 'G-CAMP-001', 'SEARCH', 'ENABLED'),
  ('c2000000-0000-0000-0000-000000000002', 'a1000000-0000-0000-0000-000000000001', 'キャンペーン_B', 'G-CAMP-002', 'DISPLAY', 'ENABLED'),
  ('c2000000-0000-0000-0000-000000000003', 'a1000000-0000-0000-0000-000000000001', 'キャンペーン_C', 'G-CAMP-003', 'SEARCH', 'PAUSED'),
  ('c2000000-0000-0000-0000-000000000004', 'a1000000-0000-0000-0000-000000000002', 'サービスキャンペーン_1', 'G-CAMP-004', 'SEARCH', 'ENABLED'),
  ('c2000000-0000-0000-0000-000000000005', 'a1000000-0000-0000-0000-000000000002', 'サービスキャンペーン_2', 'G-CAMP-005', 'DISPLAY', 'ENABLED')
ON CONFLICT (campaign_id) DO NOTHING;

-- ============================================================
-- AD_GROUPS
-- ============================================================

INSERT INTO ad_groups (ad_group_id, campaign_id, ad_group_name, google_ad_group_id, status)
VALUES
  ('g3000000-0000-0000-0000-000000000001', 'c2000000-0000-0000-0000-000000000001', '広告グループ_1', 'G-AG-001', 'ENABLED'),
  ('g3000000-0000-0000-0000-000000000002', 'c2000000-0000-0000-0000-000000000001', '広告グループ_2', 'G-AG-002', 'ENABLED'),
  ('g3000000-0000-0000-0000-000000000003', 'c2000000-0000-0000-0000-000000000002', '広告グループ_3', 'G-AG-003', 'ENABLED'),
  ('g3000000-0000-0000-0000-000000000004', 'c2000000-0000-0000-0000-000000000002', '広告グループ_4', 'G-AG-004', 'PAUSED'),
  ('g3000000-0000-0000-0000-000000000005', 'c2000000-0000-0000-0000-000000000003', '広告グループ_5', 'G-AG-005', 'ENABLED'),
  ('g3000000-0000-0000-0000-000000000006', 'c2000000-0000-0000-0000-000000000003', '広告グループ_6', 'G-AG-006', 'ENABLED')
ON CONFLICT (ad_group_id) DO NOTHING;

-- ============================================================
-- PERFORMANCE_METRICS (matches sample CSV data)
-- ============================================================

INSERT INTO performance_metrics (
  account_id, campaign_id, ad_group_id,
  metric_date, impressions, clicks, cost, conversions,
  ctr, cvr, cpa
)
VALUES
  -- キャンペーン_A / 広告グループ_1 (2024-04-01 to 04-05)
  ('a1000000-0000-0000-0000-000000000001', 'c2000000-0000-0000-0000-000000000001', 'g3000000-0000-0000-0000-000000000001', '2024-04-01', 5000, 150, 3000.00, 12, 3.000, 8.000, 250.00),
  ('a1000000-0000-0000-0000-000000000001', 'c2000000-0000-0000-0000-000000000001', 'g3000000-0000-0000-0000-000000000001', '2024-04-02', 5200, 160, 3100.00, 14, 3.077, 8.750, 221.43),
  ('a1000000-0000-0000-0000-000000000001', 'c2000000-0000-0000-0000-000000000001', 'g3000000-0000-0000-0000-000000000001', '2024-04-03', 4900, 145, 2950.00, 11, 2.959, 7.586, 268.18),
  ('a1000000-0000-0000-0000-000000000001', 'c2000000-0000-0000-0000-000000000001', 'g3000000-0000-0000-0000-000000000001', '2024-04-04', 5100, 155, 3050.00, 13, 3.039, 8.387, 234.62),
  ('a1000000-0000-0000-0000-000000000001', 'c2000000-0000-0000-0000-000000000001', 'g3000000-0000-0000-0000-000000000001', '2024-04-05', 5300, 162, 3150.00, 15, 3.057, 9.259, 210.00),
  -- キャンペーン_A / 広告グループ_2 (2024-04-01 to 04-05)
  ('a1000000-0000-0000-0000-000000000001', 'c2000000-0000-0000-0000-000000000001', 'g3000000-0000-0000-0000-000000000002', '2024-04-01', 4800, 140, 2900.00, 10, 2.917, 7.143, 290.00),
  ('a1000000-0000-0000-0000-000000000001', 'c2000000-0000-0000-0000-000000000001', 'g3000000-0000-0000-0000-000000000002', '2024-04-02', 5100, 155, 3050.00, 13, 3.039, 8.387, 234.62),
  ('a1000000-0000-0000-0000-000000000001', 'c2000000-0000-0000-0000-000000000001', 'g3000000-0000-0000-0000-000000000002', '2024-04-03', 4700, 138, 2850.00,  9, 2.936, 6.522, 316.67),
  ('a1000000-0000-0000-0000-000000000001', 'c2000000-0000-0000-0000-000000000001', 'g3000000-0000-0000-0000-000000000002', '2024-04-04', 5000, 148, 3000.00, 12, 2.960, 8.108, 250.00),
  ('a1000000-0000-0000-0000-000000000001', 'c2000000-0000-0000-0000-000000000001', 'g3000000-0000-0000-0000-000000000002', '2024-04-05', 5200, 156, 3100.00, 14, 3.000, 8.974, 221.43),
  -- キャンペーン_B / 広告グループ_3 (2024-04-01 to 04-05)
  ('a1000000-0000-0000-0000-000000000001', 'c2000000-0000-0000-0000-000000000002', 'g3000000-0000-0000-0000-000000000003', '2024-04-01', 6000, 180, 4000.00, 15, 3.000, 8.333, 266.67),
  ('a1000000-0000-0000-0000-000000000001', 'c2000000-0000-0000-0000-000000000002', 'g3000000-0000-0000-0000-000000000003', '2024-04-02', 6200, 190, 4100.00, 17, 3.065, 8.947, 241.18),
  ('a1000000-0000-0000-0000-000000000001', 'c2000000-0000-0000-0000-000000000002', 'g3000000-0000-0000-0000-000000000003', '2024-04-03', 5800, 175, 3950.00, 14, 3.017, 8.000, 282.14),
  ('a1000000-0000-0000-0000-000000000001', 'c2000000-0000-0000-0000-000000000002', 'g3000000-0000-0000-0000-000000000003', '2024-04-04', 6300, 195, 4200.00, 18, 3.095, 9.231, 233.33),
  ('a1000000-0000-0000-0000-000000000001', 'c2000000-0000-0000-0000-000000000002', 'g3000000-0000-0000-0000-000000000003', '2024-04-05', 6500, 205, 4300.00, 20, 3.154, 9.756, 215.00),
  -- キャンペーン_B / 広告グループ_4 (2024-04-01 to 04-05)
  ('a1000000-0000-0000-0000-000000000001', 'c2000000-0000-0000-0000-000000000002', 'g3000000-0000-0000-0000-000000000004', '2024-04-01', 5500, 165, 3500.00, 12, 3.000, 7.273, 291.67),
  ('a1000000-0000-0000-0000-000000000001', 'c2000000-0000-0000-0000-000000000002', 'g3000000-0000-0000-0000-000000000004', '2024-04-02', 5800, 175, 3700.00, 14, 3.017, 8.000, 264.29),
  ('a1000000-0000-0000-0000-000000000001', 'c2000000-0000-0000-0000-000000000002', 'g3000000-0000-0000-0000-000000000004', '2024-04-03', 5400, 162, 3400.00, 11, 3.000, 6.790, 309.09),
  ('a1000000-0000-0000-0000-000000000001', 'c2000000-0000-0000-0000-000000000002', 'g3000000-0000-0000-0000-000000000004', '2024-04-04', 5700, 172, 3650.00, 13, 3.018, 7.558, 280.77),
  ('a1000000-0000-0000-0000-000000000001', 'c2000000-0000-0000-0000-000000000002', 'g3000000-0000-0000-0000-000000000004', '2024-04-05', 6000, 185, 3850.00, 15, 3.083, 8.108, 256.67),
  -- キャンペーン_C / 広告グループ_5 (2024-04-01 to 04-05)
  ('a1000000-0000-0000-0000-000000000001', 'c2000000-0000-0000-0000-000000000003', 'g3000000-0000-0000-0000-000000000005', '2024-04-01', 3500, 105, 2000.00,  8, 3.000, 7.619, 250.00),
  ('a1000000-0000-0000-0000-000000000001', 'c2000000-0000-0000-0000-000000000003', 'g3000000-0000-0000-0000-000000000005', '2024-04-02', 3700, 110, 2100.00,  9, 2.973, 8.182, 233.33),
  ('a1000000-0000-0000-0000-000000000001', 'c2000000-0000-0000-0000-000000000003', 'g3000000-0000-0000-0000-000000000005', '2024-04-03', 3400, 102, 1950.00,  7, 3.000, 6.863, 278.57),
  ('a1000000-0000-0000-0000-000000000001', 'c2000000-0000-0000-0000-000000000003', 'g3000000-0000-0000-0000-000000000005', '2024-04-04', 3800, 115, 2150.00, 10, 3.026, 8.696, 215.00),
  ('a1000000-0000-0000-0000-000000000001', 'c2000000-0000-0000-0000-000000000003', 'g3000000-0000-0000-0000-000000000005', '2024-04-05', 4000, 120, 2200.00, 11, 3.000, 9.167, 200.00),
  -- キャンペーン_C / 広告グループ_6 (2024-04-01 to 04-05)
  ('a1000000-0000-0000-0000-000000000001', 'c2000000-0000-0000-0000-000000000003', 'g3000000-0000-0000-0000-000000000006', '2024-04-01', 4200, 126, 2400.00,  9, 3.000, 7.143, 266.67),
  ('a1000000-0000-0000-0000-000000000001', 'c2000000-0000-0000-0000-000000000003', 'g3000000-0000-0000-0000-000000000006', '2024-04-02', 4500, 135, 2550.00, 11, 3.000, 8.148, 231.82),
  ('a1000000-0000-0000-0000-000000000001', 'c2000000-0000-0000-0000-000000000003', 'g3000000-0000-0000-0000-000000000006', '2024-04-03', 4100, 123, 2350.00,  8, 3.000, 6.504, 293.75),
  ('a1000000-0000-0000-0000-000000000001', 'c2000000-0000-0000-0000-000000000003', 'g3000000-0000-0000-0000-000000000006', '2024-04-04', 4400, 132, 2500.00, 10, 3.000, 7.576, 250.00),
  ('a1000000-0000-0000-0000-000000000001', 'c2000000-0000-0000-0000-000000000003', 'g3000000-0000-0000-0000-000000000006', '2024-04-05', 4600, 138, 2600.00, 12, 3.000, 8.696, 216.67)
ON CONFLICT ON CONSTRAINT unique_daily_metrics DO NOTHING;

-- ============================================================
-- IMPORT_HISTORY (sample import records)
-- ============================================================

INSERT INTO import_history (account_id, file_name, file_size, rows_imported, rows_failed, import_status, imported_by, import_date)
VALUES
  ('a1000000-0000-0000-0000-000000000001', 'google-ads-sample.csv', 2048, 30, 0, 'success', 'system', '2024-04-06 09:00:00+09'),
  ('a1000000-0000-0000-0000-000000000001', 'google-ads-sample-previous.csv', 2048, 30, 0, 'success', 'system', '2024-04-06 09:05:00+09')
ON CONFLICT DO NOTHING;
